community_id,num_nodes,num_edges,density
0,1022,96588,0.185130
1,420,34697,0.394329
2,191,6380,0.351612
3,15,69,0.657143
4,1884,489966,0.276226
5,286,15033,0.368863
6,392,22425,0.292617
7,1465,256760,0.239430
8,1,0,0.000000
9,28,292,0.772487
10,375,19379,0.276349
11,2262,536636,0.209854
12,113,4039,0.638274
13,1,0,0.000000
14,100,2210,0.446465
15,1035,122841,0.229569
