community_id,num_nodes,num_edges,density
0,328,19659,0.366581
1,1225,128036,0.170783
2,1734,478499,0.318466
3,113,4039,0.638274
4,194,6437,0.343838
5,97,2136,0.458763
6,2306,556377,0.209348
7,355,18483,0.294151
8,1,0,0.000000
9,392,22389,0.292147
10,433,35765,0.382399
11,14,64,0.703297
12,30,338,0.777011
13,898,77145,0.191544
14,1,0,0.000000
15,1469,256086,0.237502
