community_id,num_nodes,num_edges,density
0,501,14214,0.113485
1,348,10639,0.176207
2,149,3388,0.307274
3,1000,98661,0.197520
4,1568,454244,0.369747
5,473,11865,0.106291
6,267,10777,0.303483
7,247,5328,0.175373
8,74,1201,0.444650
9,1757,433355,0.280917
10,1990,186873,0.094425
11,402,18059,0.224054
