community_id,num_nodes,num_edges,density
0,15,69,0.657143
1,384,22238,0.302410
2,419,34686,0.396090
3,2295,540287,0.205248
4,996,93017,0.187720
5,1483,265079,0.241221
6,2015,521234,0.256879
7,379,19364,0.270330
8,30,312,0.717241
9,1,0,0.000000
10,294,15642,0.363168
11,100,2223,0.449091
12,203,6775,0.330439
13,117,4072,0.600059
14,1,0,0.000000
15,858,96327,0.262005
