community_id,num_nodes,num_edges,density
0,263,10779,0.312861
1,72,1192,0.466354
2,223,6547,0.264493
3,1755,430620,0.279781
4,488,13349,0.112339
5,158,3523,0.284044
6,1210,110228,0.150699
7,396,17530,0.224140
8,359,11204,0.174351
9,184,2886,0.171418
10,828,54149,0.158156
11,1542,449667,0.378472
12,1036,101190,0.188742
13,262,5694,0.166535
