community_id,num_nodes,num_edges,density
0,15,69,0.657143
1,113,4039,0.638274
2,438,35768,0.373740
3,406,22752,0.276738
4,198,6510,0.333795
5,297,16010,0.364228
6,2584,617643,0.185076
7,1,0,0.000000
8,100,2237,0.451919
9,1268,132742,0.165250
10,1,0,0.000000
11,1586,293534,0.233537
12,386,19913,0.267990
13,2197,555765,0.230387
