community_id,num_nodes,num_edges,density
0,522,14982,0.110177
1,247,5390,0.177414
2,1217,111084,0.150126
3,72,1192,0.466354
4,436,10815,0.114046
5,145,3306,0.316667
6,812,52804,0.160369
7,1534,448578,0.381505
8,346,10713,0.179492
9,1037,101849,0.189604
10,1743,428161,0.282028
11,396,17542,0.224294
12,269,10848,0.300949
