community_id,num_nodes,num_edges,density
0,267,10791,0.303878
1,336,10441,0.185519
2,1724,425755,0.286660
3,579,16223,0.096952
4,74,1200,0.444280
5,1196,108741,0.152168
6,191,5292,0.291651
7,261,5667,0.167020
8,141,3212,0.325431
9,1538,447503,0.378613
10,388,17390,0.231626
11,1258,112551,0.142352
12,823,53979,0.159582
