community_id,num_nodes,num_edges,density
0,1965,512258,0.265470
1,420,34703,0.394397
2,101,2242,0.443960
3,28,292,0.772487
4,287,15132,0.368704
5,1010,95347,0.187122
6,191,6380,0.351612
7,113,4039,0.638274
8,1,0,0.000000
9,929,103616,0.240377
10,14,64,0.703297
11,1476,261487,0.240216
12,1,0,0.000000
13,2281,539776,0.207579
14,377,19397,0.273675
15,396,22532,0.288096
