community_id,num_nodes,num_edges,density
0,253,5443,0.170745
1,1032,101142,0.190118
2,674,24217,0.106776
3,385,17404,0.235444
4,1548,451904,0.377411
5,165,3657,0.270288
6,1740,427921,0.282843
7,402,11951,0.148274
8,177,2592,0.166410
9,72,1192,0.466354
10,860,54026,0.146265
11,229,6744,0.258331
12,1239,111873,0.145869
